model_position,model_id,stratum,n_participants,n_cases,n_points,mae_db,rmse_db,bland_altman_bias_db,bland_altman_lower_loa_db,bland_altman_upper_loa_db,calibration_intercept,calibration_slope,r_squared,mae_db_ci95_low,mae_db_ci95_high,rmse_db_ci95_low,rmse_db_ci95_high,bland_altman_bias_db_ci95_low,bland_altman_bias_db_ci95_high,bland_altman_lower_loa_db_ci95_low,bland_altman_lower_loa_db_ci95_high,bland_altman_upper_loa_db_ci95_low,bland_altman_upper_loa_db_ci95_high,calibration_intercept_ci95_low,calibration_intercept_ci95_high,calibration_slope_ci95_low,calibration_slope_ci95_high,r_squared_ci95_low,r_squared_ci95_high
1,null_training_mean,baseline_visit,7,13,481,7.093951177244031,7.805290809356801,-5.203560858182164,-16.618105212382844,6.210983496018515,113.43744313960555,-5.21314660721967,-0.8373538174348516,6.123193412975877,7.783936700862416,7.006269777232193,8.34608008315801,-7.00500679021218,-3.154068675313861,-17.716838043431533,-14.80996441079544,0.9912074770224404,9.582015553528876,-228.41057890583102,304.2977132929303,-16.18923170272096,14.562325401623717,-3.045455051517475,-0.26121235462080317
1,null_training_mean,year_one_visit,20,37,1369,9.263836512096825,10.926595597596254,1.8219147433871816,-19.30211793057693,22.945947417351295,46.08180148873554,-1.7393331720412684,-0.031301472905900685,8.340099636119685,10.209792420107647,9.761642118038306,12.011206576818136,-1.335971602298702,4.922490395011116,-21.062387802051294,-16.219431719521094,17.786384494184457,26.337680159895626,-188.0005425465839,267.18240635935086,-14.374382265410224,11.668960515004768,-0.21227040374968958,0.005912541652590365
1,null_training_mean,minus_1db_floor,15,27,278,18.466403894197207,18.468348569990724,18.466403894197207,17.940168826843745,18.992638961550668,-0.9999999999999972,-1.3032305111022285e-16,,18.31154807965596,18.638410517457377,18.312115086465017,18.640369133975355,18.31154807965596,18.638410517457377,17.882843019036414,18.133047590414765,18.615595593254685,19.163281614688824,-1.0000000000000069,-0.9999999999999929,-3.426793929784723e-16,3.40170539958447e-16,,
1,null_training_mean,above_floor,22,50,1572,6.9724697320153375,7.892773950228851,-3.271228862388926,-17.354314347706357,10.811856622928506,105.09844684381777,-4.828522922609165,-0.22406597162381514,6.356792215320489,7.450494509378154,7.388875334911782,8.278870263104437,-5.0669898874448,-1.071150116636585,-18.1012722687424,-15.885037008920179,7.032808821144586,14.28044372505555,-21.615370973324215,263.51207523557275,-13.933453588393428,2.4038726667125014,-0.68949168725262,-0.030706644835283174
2,null_minus_1db_reference,baseline_visit,7,13,481,23.623700623700625,24.31536564061923,-23.623700623700625,-34.92167749875048,-12.325723748650766,11.311850311850327,-11.311850311850318,-16.831021678396795,21.655381274131276,25.370693495693494,22.539362657867436,25.69688452055241,-25.370693495693494,-21.655381274131276,-36.069468695331736,-33.00192296771191,-17.45853995253599,-9.01158007886016,10.327690637065633,12.185346747846765,-12.18534674784674,-10.327690637065631,-39.70061436395419,-11.125942006550055
2,null_minus_1db_reference,year_one_visit,20,37,1369,16.6654492330168,19.83693568903838,-16.6654492330168,-37.761773753466834,4.430875287433231,7.832724616508412,-7.83272461650842,-2.39910882578477,13.567428457869635,19.811995667916715,17.336758914251373,22.12619255966568,-19.81199566791672,-13.567428457869637,-39.48607455421846,-34.58056067847544,-0.7190353764547469,7.8343038562123795,6.283714228934817,9.405997833958335,-9.40599783395835,-6.28371422893482,-4.135955903079548,-1.5623819949833562
2,null_minus_1db_reference,minus_1db_floor,15,27,278,0.0,0.0,0.0,0.0,0.0,-0.5000000000000002,0.4999999999999999,,0.0,0.0,0.0,0.0,0.0,0.0,0.0,0.0,0.0,0.0,-0.5000000000000002,-0.49999999999999967,0.4999999999999993,0.5000000000000006,,
2,null_minus_1db_reference,above_floor,22,50,1572,21.74173027989822,22.882207495067608,-21.74173027989822,-35.72863131306125,-7.75482924673519,10.370865139949192,-10.370865139949133,-9.28824586566018,19.596817494472162,23.427349187693572,21.077409622061907,24.23730587991561,-23.427349187693572,-19.596817494472162,-36.4434938019141,-34.302310245674114,-11.369942016783781,-4.256824901786372,9.298408747236108,11.213674593846804,-11.213674593846783,-9.298408747236087,-14.607646294880556,-6.270274498686842
3,location_ridge,baseline_visit,7,13,481,6.1674546029028425,7.367321497022516,-5.199636001087102,-15.440136896145525,5.040864893971321,12.08450632568723,0.6048642797350104,-0.6369441529639157,4.933610817065161,7.38542215482614,6.11014905022276,8.477282257435075,-6.984833225255701,-3.1882525977999046,-16.65915236276483,-13.352287283557807,2.2652449817283125,7.37087423752883,6.808075153857902,17.60384454486802,0.3699303940820519,0.8322519687413856,-3.3537396579192187,0.12022057023089017
3,location_ridge,year_one_visit,20,37,1369,7.611962364868923,9.145543550684984,1.820815277442248,-15.752015705405261,19.393646260289756,-4.013756123983893,1.12540933743911,0.2775048388114476,6.528512888670739,8.628447861459973,8.064708589911051,10.091435842479358,-1.1960562913027715,4.867430157587582,-18.449040937109928,-11.512712770482278,15.082255210281565,22.080577577642558,-10.740955496277309,2.9953616386875437,0.868438449207971,1.3795235879471952,0.144908855126472,0.36670036782745047
3,location_ridge,minus_1db_floor,15,27,278,13.752088042933883,14.086814495618418,13.752088042933883,7.758185772197063,19.745990313670703,-0.9999999999999994,1.2133384977269133e-17,,13.030340251465525,14.269144175823348,13.299995946649714,14.634101155996468,13.030340251465525,14.269144175823348,7.1190942853859775,8.228485052515326,18.201204855476643,20.771594363011292,-1.000000000000001,-0.999999999999999,-4.7148598117073124e-17,5.107956305845981e-17,,
3,location_ridge,above_floor,22,50,1572,6.084123196925068,7.372584620804786,-2.437283255496233,-16.079428447568006,11.204861936575538,10.750418972655874,0.5458406524885887,-0.06803387480100276,5.0912544316061075,6.9706297525052126,6.4058163147015215,8.168892498508281,-4.48430429906677,0.09626153153427255,-17.81667739047532,-13.298727261816875,7.734829030650579,14.663200027413088,5.12738297528804,15.456971010007601,0.3583946773690276,0.754568009979654,-0.6542183172966823,0.2185415270547011
4,boundary_linear,baseline_visit,7,13,481,5.43768684886245,6.901197972665252,-3.5308644280777934,-15.164876775631873,8.103147919476287,13.427141093745517,0.48167592471481435,-0.43636095439976086,4.276776834644144,7.056038999206672,5.292985594194243,8.84911615258176,-5.404087280037908,-2.0268213312388568,-19.216863072533584,-11.600497668153123,5.487790443723793,10.038012301035174,7.448359445471768,19.641307350597,0.23819434656744531,0.7499828460976683,-3.4804797540511117,0.31056759171067505
4,boundary_linear,year_one_visit,20,37,1369,7.167633031832741,8.656004339670233,0.29401636265660336,-16.668158501420045,17.25619122673325,2.365481629583726,0.8333592076565968,0.3527816388029743,5.961569488442839,8.674155699634111,7.2158492212121805,10.292235508246243,-2.538053377764448,2.6335534812601606,-21.729167405076474,-12.037438594833347,14.108612093501302,19.71625048516869,-3.384146986513642,8.89022868234508,0.5659846530622162,1.0842899827513854,0.023324819637038897,0.5291003746086275
4,boundary_linear,minus_1db_floor,15,27,278,10.653933991949163,11.09653244253725,10.653933991949163,4.561682586934441,16.746185396963885,-0.9999999999999996,-1.2412139626382156e-17,,9.577306902868342,11.541558674134173,10.02242837915738,11.937453059266291,9.577306902868342,11.541558674134173,3.3625595016605137,5.895187160784967,15.308566853928165,17.7964214136304,-1.000000000000001,-0.9999999999999988,-4.974734649226987e-17,4.930722524056007e-17,,
4,boundary_linear,above_floor,22,50,1572,6.021770575776078,7.618931342278105,-2.7084166915969448,-16.670562265399923,11.253728882206035,11.698088326979487,0.5014964060063613,-0.14060065165888047,4.872954033345016,7.646323993802671,5.960126508747961,9.550409933071073,-4.883289021922762,-0.7413913355530812,-20.94470918244373,-12.623484807003324,8.967628476747384,13.31459489113862,6.710108861953793,16.5497619971502,0.3108353261430094,0.7011527123404899,-1.1313436839949624,0.32771278929679304
5,boundary_ridge,baseline_visit,7,13,481,5.565746468177117,7.029105986979217,-4.112926657163382,-15.29693076140451,7.071077447077745,13.225197828457857,0.5077314871994484,-0.4900978988731177,4.3816610300868035,7.105544210895636,5.463559503362658,8.90407867174761,-5.609170966880557,-2.890562006054507,-19.19742488684363,-11.963569427389729,4.96457481261833,8.695176009313657,6.717408327701511,19.64767416399367,0.24687321810806626,0.8018226732695632,-3.332716532236349,0.25760229676037205
5,boundary_ridge,year_one_visit,20,37,1369,7.185425645324929,8.732078368039971,0.5525136581475153,-16.53430678171338,17.63933409800841,1.1650962107771858,0.8940921322578422,0.3413553812264086,5.958966691215096,8.646712635175291,7.259358223959093,10.291962958660463,-2.2075401737544658,3.055594289561864,-21.363339521980514,-11.68163367926882,14.26132983349278,20.255044268066783,-6.4073191143898836,8.426239095687494,0.5800648794144541,1.2351909374292627,0.04492688406811919,0.5184055677080447
5,boundary_ridge,minus_1db_floor,15,27,278,11.645113254964745,12.018372808494984,11.645113254964745,5.809541505473604,17.480685004455886,-0.9999999999999997,1.4157546332971043e-17,,10.304787862934592,12.722376364682516,10.770800536212851,12.951114220423893,10.304787862934592,12.722376364682516,3.921875544964936,8.080197471294614,16.202485128918042,18.180141100739895,-1.000000000000001,-0.9999999999999989,-4.7398525744388666e-17,4.67831395166986e-17,,
5,boundary_ridge,above_floor,22,50,1572,5.901164296922914,7.48177916802427,-2.8366844840787766,-16.410409741099084,10.737040772941532,11.246638584817811,0.5303025640569661,-0.0999052279851842,4.772213503031428,7.526740975910056,5.796250632645182,9.483610383769145,-4.935782144899595,-0.8342846143706953,-20.80359110424654,-12.328973619108286,8.272072751040342,12.880539758097028,5.037485801844316,16.789247686768974,0.3003557578301364,0.8014772264118554,-1.1096031532831747,0.37946070447403707
6,location_boundary_ridge,baseline_visit,7,13,481,5.697295595160711,7.1704040883623525,-4.0995938509562375,-15.64200125077301,7.442813548860535,13.604691493653073,0.4868795694547481,-0.5506075021094612,4.552428255270749,7.19451694417451,5.626827561065088,8.948154837258688,-5.7339755947373785,-2.70061405608426,-19.305549709346845,-12.320511063257786,5.054790830117404,9.134355987041781,8.275525671715673,19.44153580735464,0.2545945326121032,0.7242134068409095,-3.537065401381593,0.2308747699869812
6,location_boundary_ridge,year_one_visit,20,37,1369,6.948139877090876,8.491884163872905,0.3198856685580513,-16.318472081464005,16.958243418580107,1.496736018159705,0.886356982953248,0.37709183831019066,5.75615895382695,8.39293725711096,7.049452551939471,10.050484574222923,-2.4003613201872818,2.8051255510464683,-20.992285112311944,-11.725590394399521,13.654065922604326,19.488147294792846,-4.669796505221239,8.098211580808043,0.6137285039595952,1.141713053048493,0.07737506140689933,0.5460002117854909
6,location_boundary_ridge,minus_1db_floor,15,27,278,10.56624249265785,11.080978435034746,10.56624249265785,4.011858112332735,17.120626872982964,-0.9999999999999992,1.0155075235003764e-17,,9.32840834174208,11.536997920516656,9.869509702730166,11.966754515835582,9.32840834174208,11.536997920516656,2.79520090243649,5.402532189226777,15.452925375374697,18.00202986237778,-1.000000000000001,-0.9999999999999988,-4.7975515207676334e-17,5.0726062294374814e-17,,
6,location_boundary_ridge,above_floor,22,50,1572,5.925564414790604,7.537727054295851,-2.8443998568784092,-16.530440725629877,10.841641011873058,11.442487126811825,0.5195882812291163,-0.11641666354720903,4.795762925605934,7.561373245226936,5.93332585993122,9.478660964219822,-4.946282515410586,-0.8404724033519775,-20.787069670502298,-12.632157692315012,8.572769947667005,13.043342575451174,5.924789241074253,16.50373929847178,0.31358760550287434,0.7340210203647236,-1.117871348785373,0.3512975733556888
7,location_boundary_random_forest,baseline_visit,7,13,481,4.342834090677863,5.74416867240745,-3.518363782061582,-12.427106326181342,5.390378762058177,10.592944916002727,0.6297065478310512,0.004894820033016445,3.6582764259669736,5.309711362407361,4.859109465609908,6.915436827363451,-4.803573189527216,-2.5397932647879173,-14.737390302328647,-10.549021324884068,4.150402146450872,6.576265030581412,7.523595209358898,15.993244625835773,0.4218706834702673,0.7527600499086385,-1.581247873670502,0.41857596633667127
7,location_boundary_random_forest,year_one_visit,20,37,1369,5.304510686918632,6.7977811168625335,0.38980077840998173,-12.916787975980993,13.696389532800955,-2.0160083632521117,1.10128821311937,0.600837024329157,4.340681474036115,6.359724079881236,5.708581642064318,7.856688941767998,-1.803732795783503,2.598733233746067,-16.08746403797905,-9.523943039468932,10.466574939048716,16.03987884867446,-6.013784273710054,2.659587242464706,0.9401437701315516,1.2420736178587388,0.44080013450258,0.7060845854543383
7,location_boundary_random_forest,minus_1db_floor,15,27,278,8.358387311578833,9.19299932611746,8.358387311578833,0.8432552354178142,15.87351938773985,-0.9999999999999993,5.336049492351597e-18,,7.183094663968363,9.370786830168974,7.964991293712019,10.247538939256314,7.183094663968363,9.370786830168974,-0.28840739610533855,1.945188963083622,13.618257215224006,17.71463002837819,-1.000000000000001,-0.9999999999999988,-5.1595613040272595e-17,5.17854759505041e-17,,
7,location_boundary_random_forest,above_floor,22,50,1572,4.470195073402509,5.949210062405446,-2.2152209835542434,-13.04061553873768,8.610173571629193,7.373220298551204,0.7215881722513803,0.304552895772058,3.611872020281421,5.5684133778172855,4.807881798869926,7.231178727374366,-3.8577347550759677,-0.4518131368209642,-15.852017537544588,-10.21492260496151,6.538317830277335,10.758606365990698,2.5599313427746107,11.893376704649102,0.5544892241008077,0.8945617412539926,-0.23221366809304014,0.5720244358067318
8,boundary_aligned_retfound_ridge,baseline_visit,7,13,481,4.82132475688403,5.8285742126618025,-2.8674274194761025,-12.823722642250598,7.088867803298392,11.418571176635213,0.567168176469103,-0.024564442933765696,4.196401289166489,5.496006389214893,5.082725038082152,6.595040405940116,-4.5221391864229386,-1.2304027740559524,-14.227926958661822,-11.04475096083924,3.5036044720043655,9.633489178239245,7.636860885280297,15.419107606724772,0.39624461233575253,0.7929427799845133,-0.921076625132325,0.22664214158285034
8,boundary_aligned_retfound_ridge,year_one_visit,20,37,1369,5.476178942499934,6.917361960151596,1.2252262963963043,-12.123308722018702,14.57376131481131,-2.4308786077583617,1.0713797567931838,0.5866700256711483,4.764674054704523,6.2459919931878405,6.050772165975944,7.8242598731581285,-0.3711626471811161,2.9310672678818563,-13.410957263225589,-10.460057040431714,11.770816358601813,17.041514606167947,-5.495751548049143,0.9638785865689539,0.9433477240482254,1.1939580754345698,0.48461022969694295,0.650050654568312
8,boundary_aligned_retfound_ridge,minus_1db_floor,15,27,278,9.983135340025099,10.891302425298397,9.976174615269942,1.395638300838053,18.55671092970183,-0.9999999999999991,-3.0343911071151824e-17,,8.619610183147284,11.309048361649797,9.397503510328212,12.206521474383623,8.606712578782329,11.305370560333783,0.523552036596626,2.568505756667559,15.930365327230907,20.451985541838617,-1.000000000000001,-0.9999999999999987,-4.37268010984836e-17,4.2319572285691045e-17,,
8,boundary_aligned_retfound_ridge,above_floor,22,50,1572,4.478775162733238,5.575681216149482,-1.574601992395998,-12.061437283238261,8.912233298446266,7.10198317278152,0.7116218403990353,0.3891404521540396,4.047359139978135,4.899538689895466,5.092973953697713,6.028122936864656,-2.7140995351561434,-0.35285300223717103,-13.121415882764508,-10.756593638240169,7.094409967781461,10.62466328511509,3.959104160206736,9.790293057999296,0.6072939423696022,0.8532987319199408,0.17796898419706883,0.5224834280976124
9,location_boundary_retfound_ridge,baseline_visit,7,13,481,5.123605929070402,6.263231356297077,-3.2909666247679907,-13.746564051529234,7.164630801993251,12.12126898040531,0.5432460635870316,-0.18307295737753004,4.374449682882156,5.897517211574449,5.365199265143988,7.14704443574359,-5.090271923089974,-1.4457523312197222,-15.21453056133113,-11.623844550773603,4.0215040062314955,9.568849473517357,8.195806624777969,17.2842294863092,0.3392132702187693,0.7494362540196895,-1.7163959926117662,0.24862549220004715
9,location_boundary_retfound_ridge,year_one_visit,20,37,1369,5.954042079924312,7.4493256840596835,0.33314846259030323,-14.258251690205535,14.924548615386142,-0.12423947453302024,0.9869420437945876,0.5206532110128086,5.012393711547407,7.106097483229559,6.264120655563483,8.716576520902189,-1.9992855856901326,2.4054190935344386,-17.97285771225473,-10.766684621526986,11.933909317444158,17.465940675497826,-4.210814063216774,5.047846625525106,0.8013483826420728,1.142828806338162,0.3118927266657324,0.6444408953613358
9,location_boundary_retfound_ridge,minus_1db_floor,15,27,278,9.288687980023283,10.247890206557882,9.288687980023283,0.7887075901341642,17.7886683699124,-0.9999999999999996,-2.384842113980184e-17,,7.926775972813424,10.652515240502035,8.76482389523284,11.640252218675029,7.926775972813424,10.652515240502035,-0.2317060155732762,1.8658883623881872,15.139795782076103,19.939320890443536,-1.000000000000001,-0.9999999999999988,-4.7458721214869794e-17,4.657511881641679e-17,,
9,location_boundary_retfound_ridge,above_floor,22,50,1572,5.110230789346548,6.461990849990819,-2.359497429817908,-14.154257938390634,9.435263078754817,9.081593601832918,0.6343155792422901,0.17950077927334696,4.307075989815687,6.241155794425478,5.350324244167145,7.82995086122657,-4.236124965328741,-0.6704797364323448,-17.162235305639538,-11.268143259152865,7.506698527381555,10.92505725129343,4.847991799991937,13.80413931156772,0.4571370110463629,0.7992272140390646,-0.5054588165604867,0.4915270379574189
